"","Temperature","Sales","Pool"
"1",57.56,215,1.610127949
"2",61.52,325,NA
"3",53.42,185,0.134812395
"4",59.36,332,3.28821029
"5",65.3,406,1.955019485
"6",71.78,522,0.98258826
"7",66.92,412,1.963196644
"8",77.18,614,1.148618684
"9",74.12,544,0.599959464
"10",64.58,421,0.445909597
"11",72.68,445,2.053823145
"12",62.96,408,1.738294781
