Temperature,Sales,Pool
57.56,215,1.610127949
61.52,325,9.97E-05
53.42,185,0.134812395
59.36,332,3.28821029
65.3,406,1.955019485
71.78,522,0.98258826
66.92,412,1.963196644
77.18,614,1.148618684
74.12,544,0.599959464
64.58,421,0.445909597
72.68,445,2.053823145
62.96,408,1.738294781